,,,,,,,Femoral Trabecular Bone,,,,,,,,,Femoral Midshaft Cortical Bone,,,,,,,
Source Name,Sample Name,PWB,Duration,Material Type,Final Body weight [g],Fem.Length [mm],Total_volume_TV_mm3,Bone_volume_BV_mm3,Bone_volume_BV_per_total_volume_TV_mm4_per_mm4,Connectivity_density_one_per_mm3,Structure_model_index_SMI,Trabecular_number_TbN_one_per_millimeter,Trabecular_thickness_TbTh_millimeter,Trabecular_separation_TbSp_millimeter,Bone_mineral_density_BMD_mg_per_cubed_centimeter,Cortical_thickness_CtTh_millimeter,Cortical_tissue_mineral_density_CtTMD_milligram_HA_per_cubed_centimeter,Polar_moment_of_intertia_pMOI_mm4,Maximum_moment_of_intertia_Imax_mm4,Minimum_moment_of_intertia_Imin_mm4,Cortical_bone_area_BA_mm2,Total_cross_sectional_area_TtAr_mm2,Cortical_bone_area_fraction_percent
479659,479659_Left Femur,PWB100,1wk,Left Femur,424.6,38.3,15.2574,3.7809,0.2478,55.7761,1.3106,2.3148,0.1086,0.4519,253.1274,0.7235,1128.312,14.46813,8.80459,5.66354,6.73139,10.1291,0.66456
479669,479669_Left Femur,PWB100,1wk,Left Femur,424.6,38.3,17.4402,3.345,0.1918,37.4422,1.7123,2.007,0.1028,0.5222,226.4575,0.6186,1092.066,15.91497,10.14908,5.76589,6.36808,10.95747,0.58116
485917,485917_Left Femur,PWB100,1wk,Left Femur,411.5,38.2,14.6809,1.921,0.1308,30.7883,1.9932,1.3622,0.0913,0.784,172.7597,0.6563,1122.8528,12.59006,7.98994,4.60012,5.9665,9.57261,0.62329
485918,485918_Left Femur,PWB100,1wk,Left Femur,432,38.6,18.8923,3.5702,0.189,39.7516,1.6192,1.8977,0.0993,0.5748,219.5663,0.621,1100.21,14.81629,9.83338,4.9829,6.45446,10.28078,0.62782
492516,492516_Left Femur,PWB100,1wk,Left Femur,415.2,38.5,15.9752,1.6517,0.1034,21.9716,2.7541,2.3907,0.0779,0.4121,172.3122,0.5807,1083.9219,16.97401,11.93738,5.03663,6.19675,11.21724,0.55243
492518,492518_Left Femur,PWB100,1wk,Left Femur,411.7,37.7,16.6193,4.3898,0.2641,72.9575,1.8067,3.8437,0.0926,0.2395,282.1242,0.6131,1102.8951,13.98197,8.99817,4.9838,5.97033,10.23668,0.58323
492522,492522_Left Femur,PWB100,1wk,Left Femur,393.7,38.3,16.2742,2.3459,0.1442,31.768,2.2715,1.8894,0.0923,0.5548,194.8653,0.6077,1105.8485,14.57549,9.04945,5.52605,5.96268,10.61722,0.5616
495117,495117_Left Femur,PWB100,1wk,Left Femur,470.6,38.7,22.1927,2.9159,0.1314,28.0047,2.2804,1.8642,0.0871,0.553,177.682,0.5707,1049.5553,22.35462,14.15622,8.1984,6.90857,13.5562,0.50962
495120,495120_Left Femur,PWB100,1wk,Left Femur,430.1,37.6,20.6603,3.7292,0.1805,31.9696,1.9338,2.0271,0.1028,0.493,212.2275,0.6159,1085.0853,22.47074,14.70031,7.77043,7.29862,13.1843,0.55358
495124,495124_Left Femur,PWB100,1wk,Left Femur,460.3,38.5,24.9223,4.1874,0.168,40.9272,2.0166,2.1415,0.0914,0.4821,203.9939,0.5375,1086.5172,20.83267,13.24201,7.59066,6.50891,13.21738,0.49245
501572,501572_Left Femur,PWB100,1wk,Left Femur,449.4,36.1,24.3639,5.9515,0.2443,48.9145,1.7258,2.8271,0.1067,0.3458,261.6295,0.6441,1085.1748,28.29772,18.54633,9.75139,8.0401,14.95862,0.53749
501579,501579_Left Femur,PWB100,1wk,Left Femur,396.5,37.1,15.9089,2.8406,0.1786,43.1206,1.9036,1.8076,0.0963,0.5916,215.5389,0.6449,1101.0156,17.54374,10.93389,6.60985,6.65628,11.58731,0.57445
479662,479662_Left Femur,PWB20,1wk,Left Femur,362.4,38.1,12.8185,0.8919,0.0696,13.6522,2.8273,1.6977,0.0726,0.6004,95.3453,0.6086,1088.9337,12.0387,7.58852,4.45018,5.9582,9.33192,0.63848
479666,479666_Left Femur,PWB20,1wk,Left Femur,382,38.5,15.5337,0.9243,0.0595,9.3668,2.7723,1.1219,0.0801,0.9063,63.4846,0.6333,1093.9454,15.35721,10.50786,4.84935,6.45066,10.48151,0.61543
485919,485919_Left Femur,PWB20,1wk,Left Femur,378,37,16.8422,2.6059,0.1547,30.667,2.1544,1.9463,0.0939,0.5257,201.667,0.6134,1103.969,14.35856,9.35354,5.00502,6.03093,10.37251,0.58143
485920,485920_Left Femur,PWB20,1wk,Left Femur,391.3,37.5,17.2453,2.5977,0.1506,37.6914,2.057,1.7965,0.0881,0.5863,194.3283,0.624,1105.4905,15.95701,10.24477,5.71224,6.37414,10.98321,0.58035
492515,492515_Left Femur,PWB20,1wk,Left Femur,398,38.7,18.3411,4.0384,0.2202,50.8965,1.8214,2.7443,0.0961,0.3618,247.3996,0.6399,1118.2885,15.93691,9.70204,6.23487,6.7295,10.89134,0.61788
492519,492519_Left Femur,PWB20,1wk,Left Femur,414.5,38.9,18.8019,1.3,0.0691,14.5597,2.7154,1.3641,0.0777,0.7481,132.4863,0.5349,1069.4235,19.37091,12.4317,6.93921,6.36373,12.66494,0.50247
492521,492521_Left Femur,PWB20,1wk,Left Femur,394.7,37.7,14.1623,1.5912,0.1124,23.6543,2.5037,1.7563,0.0864,0.5806,172.1332,0.6421,1102.7161,16.27953,10.37662,5.90291,6.3988,11.11107,0.57589
495116,495116_Left Femur,PWB20,1wk,Left Femur,376.2,37.1,16.6698,2.8819,0.1729,46.1612,2.0824,2.3847,0.0887,0.4245,216.6129,0.656,1120.7943,14.88436,9.76042,5.12393,6.36184,10.36218,0.61395
495121,495121_Left Femur,PWB20,1wk,Left Femur,414.5,37.7,20.1986,2.196,0.1087,27.1059,2.5465,1.8946,0.0772,0.549,166.3159,0.621,1100.21,14.81629,9.83338,4.9829,6.45446,10.28078,0.62782
501575,501575_Left Femur,PWB20,1wk,Left Femur,397.2,37.3,18.645,2.7824,0.1492,33.6015,1.968,1.6748,0.093,0.6261,189.585,0.6025,1090.7236,15.30018,9.7456,5.55458,6.11213,10.90795,0.56034
501576,501576_Left Femur,PWB20,1wk,Left Femur,447.2,37.3,20.8697,4.1239,0.1976,48.108,1.8344,2.9961,0.0861,0.3267,230.3953,0.5766,1086.2488,15.69457,9.51572,6.17884,6.00849,11.26746,0.53326
501578,501578_Left Femur,PWB20,1wk,Left Femur,415.5,38.5,20.337,2.8091,0.1381,29.5275,2.1176,1.5841,0.0902,0.665,183.8572,0.6259,1081.416,20.51332,13.09505,7.41826,6.84389,12.72222,0.53795
479664,479664_Left Femur,PWB40,1wk,Left Femur,371.1,37.9,16.1859,2.733,0.1689,42.8768,2.0626,1.9709,0.0911,0.5211,210.0797,0.5731,1082.8479,15.90857,10.18019,5.72837,6.35184,11.02857,0.57594
479668,479668_Left Femur,PWB40,1wk,Left Femur,341,37.7,13.806,2.3405,0.1695,39.6204,1.7207,1.747,0.0985,0.6259,203.8149,0.6994,1135.8297,11.58147,7.19161,4.38986,5.96273,9.04858,0.65897
479674,479674_Left Femur,PWB40,1wk,Left Femur,402.1,38.6,15.8383,2.6725,0.1687,46.1382,2.0336,1.9829,0.089,0.5212,205.9628,0.6491,1110.5023,12.46369,7.70691,4.75678,6.15196,9.54101,0.64479
485922,485922_Left Femur,PWB40,1wk,Left Femur,401.9,38.8,16.325,2.5462,0.156,42.4809,2.0783,1.908,0.0861,0.5343,197.9977,0.6613,1102.6266,14.57496,9.22064,5.35432,6.37818,10.42127,0.61204
485923,485923_Left Femur,PWB40,1wk,Left Femur,373.9,38.7,11.9686,0.6626,0.0554,6.1829,2.857,1.2249,0.0841,0.8407,127.922,0.6649,1131.1759,12.8449,8.00804,4.83686,6.1121,9.67438,0.63178
485924,485924_Left Femur,PWB40,1wk,Left Femur,365.4,38.5,18.0184,2.7716,0.1538,31.9119,2.2502,2.0724,0.0962,0.4878,197.9081,0.6506,1099.7627,16.90625,10.91303,5.99322,6.66828,11.25367,0.59254
492520,492520_Left Femur,PWB40,1wk,Left Femur,372.8,38.1,15.4646,3.2372,0.2093,46.3964,1.8826,2.555,0.0951,0.3948,241.4929,0.6211,1104.327,15.23662,10.27934,4.95728,6.23816,10.54363,0.59165
495118,495118_Left Femur,PWB40,1wk,Left Femur,417.6,38.7,20.2379,2.4439,0.1208,28.9308,2.458,2.0287,0.0817,0.5158,169.0903,0.5213,1068.7075,16.78466,10.59846,6.18619,5.912,11.85697,0.49861
495122,495122_Left Femur,PWB40,1wk,Left Femur,394.5,38.1,19.5515,2.7804,0.1422,31.4297,2.1696,1.5202,0.0951,0.6926,185.6472,0.6262,1095.288,18.57227,11.52252,7.04975,6.77027,12.00003,0.56419
495125,495125_Left Femur,PWB40,1wk,Left Femur,441.6,38.7,20.9962,3.1936,0.1521,30.6841,1.8687,1.551,0.0954,0.671,194.5073,0.5701,1091.3501,19.31325,12.19358,7.11967,6.47335,12.54814,0.51588
501573,501573_Left Femur,PWB40,1wk,Left Femur,419.5,38.2,20.5113,3.322,0.162,37.5891,2.0676,2.3926,0.0872,0.424,203.0989,0.5985,1110.7708,20.70102,13.08683,7.61419,7.40478,12.60489,0.58745
501577,501577_Left Femur,PWB40,1wk,Left Femur,402.7,37.6,15.4171,2.8424,0.1844,39.5989,2.0288,1.9409,0.0979,0.5459,217.8658,0.6486,1086.3383,13.46058,8.62374,4.83684,6.19955,9.91171,0.62548
479665,479665_Left Femur,PWB70,1wk,Left Femur,370.5,38.3,14.801,1.6272,0.1099,21.7891,2.2342,1.3054,0.0908,0.7771,143.0469,0.7661,1129.0281,17.33907,10.78103,6.55804,7.24714,11.0947,0.65321
479670,479670_Left Femur,PWB70,1wk,Left Femur,361.6,38.1,14.0176,1.0407,0.0742,16.8717,2.4966,1.1271,0.0802,0.9056,142.6889,0.5846,1102.4476,11.89309,7.73631,4.15678,5.47892,9.45169,0.57968
479673,479673_Left Femur,PWB70,1wk,Left Femur,390.2,37.7,16.4292,4.1737,0.254,53.4264,1.3651,2.4483,0.1061,0.4169,268.6997,0.6291,1112.4712,16.83884,10.37371,6.46513,6.83936,11.23885,0.60855
485916,485916_Left Femur,PWB70,1wk,Left Femur,378,36.7,16.3222,2.8047,0.1718,44.2343,1.9344,1.7255,0.0909,0.6219,213.1225,0.6354,1105.8485,14.69347,9.38604,5.30743,6.25628,10.45425,0.59844
485921,485921_Left Femur,PWB70,1wk,Left Femur,386.7,38.1,14.2945,2.3147,0.1619,29.8367,2.1463,1.9034,0.1004,0.5437,209.1847,0.6514,1114.4402,13.5444,8.67034,4.87406,6.30462,9.87477,0.63846
485925,485925_Left Femur,PWB70,1wk,Left Femur,396.9,38.8,17.6384,3.9297,0.2228,57.0346,1.7847,2.996,0.0941,0.3328,250.6215,0.6607,1109.7863,17.78392,10.89186,6.89206,6.76591,11.66191,0.58017
492517,492517_Left Femur,PWB70,1wk,Left Femur,404.7,39.1,17.0003,3.8026,0.2237,51.4696,1.6364,2.5781,0.0977,0.3994,248.8315,0.6615,1126.7906,16.27614,9.95267,6.32347,6.69633,11.03163,0.60701
495119,495119_Left Femur,PWB70,1wk,Left Femur,414,38.1,18.4307,1.4375,0.078,14.5952,2.5358,1.2943,0.0874,0.8973,130.0699,0.5947,1067.902,15.97129,10.03947,5.93182,6.27868,11.16693,0.56226
495123,495123_Left Femur,PWB70,1wk,Left Femur,418.2,38,18.8737,2.3727,0.1257,33.1149,2.1033,1.7267,0.0831,0.6011,173.2072,0.5316,1081.7739,18.56106,11.73261,6.82844,6.14156,12.49592,0.49149
495126,495126_Left Femur,PWB70,1wk,Left Femur,478.2,36.2,18.6407,2.4256,0.1301,38.5446,2.2635,1.9894,0.0818,0.501,178.3979,0.5882,1079.6261,14.50473,9.14518,5.35956,5.92187,10.62366,0.55742
495127,495127_Left Femur,PWB70,1wk,Left Femur,382.4,38.5,22.1045,2.0008,0.0905,22.0091,2.3035,1.2358,0.0852,0.8512,143.3154,0.5609,1086.0698,19.3919,11.43652,7.95538,6.42357,12.79452,0.50206
501574,501574_Left Femur,PWB70,1wk,Left Femur,359.2,36.6,20.1894,3.4744,0.1721,46.4599,2.1314,2.8044,0.0862,0.3505,210.6166,0.6114,1105.6694,19.46506,12.48223,6.98282,7.17384,12.12724,0.59155
491045,491045_Left Femur,PWB100,2wk,Left Femur,418,40.6,15.7566,2.2905,0.1454,34.3349,2.1096,1.9053,0.0908,0.5404,193.4333,0.6331,1113.5452,13.74227,8.69085,5.05142,6.0713,10.10709,0.6007
491053,491053_Left Femur,PWB100,2wk,Left Femur,452.4,38.1,14.1749,2.8439,0.2006,45.3618,1.7983,2.3271,0.0957,0.4453,225.115,0.669,1110.7708,12.92663,8.0857,4.84093,6.10048,9.68616,0.62981
495105,495105_Left Femur,PWB100,2wk,Left Femur,381.9,38.1,13.9232,1.9769,0.142,30.9377,1.8786,1.4003,0.0944,0.7677,192.8069,0.6897,1124.1057,13.48293,8.27643,5.2065,6.30389,9.87876,0.63813
495112,495112_Left Femur,PWB100,2wk,Left Femur,400,37.5,17.7258,1.9482,0.1099,26.3599,2.5598,1.9358,0.0841,0.5249,168.2849,0.6596,1102.5371,17.87691,11.55454,6.32237,6.89506,11.52138,0.59846
502997,502997_Left Femur,PWB100,2wk,Left Femur,467.7,38.8,22.5419,6.105,0.2708,47.2453,1.104,2.3053,0.1148,0.4545,276.3964,0.6133,1091.4396,24.76624,16.4906,8.27564,7.25608,14.00365,0.51816
502998,502998_Left Femur,PWB100,2wk,Left Femur,448.5,37.9,19.1038,2.1493,0.1125,22.2992,2.3731,1.669,0.0868,0.6075,168.4638,0.6439,1117.125,19.43475,12.1077,7.32705,6.84294,12.32404,0.55525
502999,502999_Left Femur,PWB100,2wk,Left Femur,479.5,38.5,19.0883,5.2049,0.2727,54.1692,1.4737,3.2334,0.1049,0.2933,286.1515,0.6285,1107.9963,19.61846,12.22906,7.3894,6.87576,12.3754,0.5556
511694,511694_Left Femur,PWB100,2wk,Left Femur,458.1,36.8,24.8298,4.1671,0.1678,32.0583,2.0078,1.6975,0.1025,0.6035,204.8889,0.5855,1068.0811,25.03306,16.75126,8.2818,6.96985,14.31309,0.48696
519287,519287_Left Femur,PWB100,2wk,Left Femur,462.1,36.3,16.6991,2.0725,0.1241,28.3249,1.8159,1.0168,0.0923,1.0485,172.0437,0.635,1101.9106,16.66958,10.09642,6.57316,6.44323,11.36449,0.56696
519288,519288_Left Femur,PWB100,2wk,Left Femur,437.7,36.2,16.1178,2.237,0.1388,37.6603,2.3377,2.2291,0.0846,0.4557,192.8963,0.6086,1097.1674,14.02665,8.95482,5.07183,5.89219,10.31385,0.57129
519289,519289_Left Femur,PWB100,2wk,Left Femur,453.2,36.2,22.6495,4.5278,0.1999,45.9503,1.7828,2.2435,0.0957,0.463,228.4264,0.5511,1071.8398,20.11926,12.47971,7.63956,6.52149,13.00899,0.50131
495102,495102_Left Femur,PWB20,2wk,Left Femur,408.4,37.5,16.1975,1.4158,0.0874,24.3864,2.5734,1.4271,0.0759,0.7257,149.5801,0.5831,1061.2793,13.33696,8.41331,4.92365,5.79776,10.224,0.56707
495106,495106_Left Femur,PWB20,2wk,Left Femur,362.6,38.9,13.7528,1.3175,0.0958,19.9959,2.5964,1.678,0.0812,0.6142,160.4092,0.6378,1110.8602,11.19191,7.36437,3.82754,5.69548,8.89478,0.64032
495107,495107_Left Femur,PWB20,2wk,Left Femur,393.4,37.9,16.0153,0.8902,0.0556,8.0548,2.981,1.4503,0.0758,0.7416,119.7778,0.5913,1085.6223,13.98669,9.10496,4.88173,6.18229,10.16709,0.60807
495110,495110_Left Femur,PWB20,2wk,Left Femur,375.4,37.5,17.4087,1.6987,0.0976,21.4835,2.585,1.703,0.0838,0.6046,157.2768,0.5987,1099.4048,15.16398,9.68296,5.48101,6.30469,10.75986,0.58595
495115,495115_Left Femur,PWB20,2wk,Left Femur,376.8,38.9,14.9417,1.1426,0.0765,17.0998,2.3242,1.3564,0.0793,0.756,144.2103,0.6062,1104.1481,13.79961,8.93356,4.86604,5.88201,10.24092,0.57436
511691,511691_Left Femur,PWB20,2wk,Left Femur,441.1,38,20.2478,2.992,0.1478,31.6084,2.0903,1.7821,0.0902,0.5922,189.8535,0.6263,1090.7236,21.85924,14.27412,7.58512,7.02721,13.08301,0.53712
511692,511692_Left Femur,PWB20,2wk,Left Femur,441.5,37.3,17.9787,1.4383,0.08,13.4326,2.5086,1.2202,0.0855,0.8606,138.2141,0.6366,1102.8951,17.75033,11.43203,6.31829,6.58793,11.64238,0.56586
519286,519286_Left Femur,PWB20,2wk,Left Femur,423.1,36.4,16.5532,1.1287,0.0682,13.9399,2.6896,1.242,0.0807,0.8187,129.9804,0.6093,1070.2289,17.18064,11.03116,6.14948,6.83015,11.40396,0.59893
519290,519290_Left Femur,PWB20,2wk,Left Femur,430.5,36.8,17.4439,1.5585,0.0893,14.6756,2.4252,1.259,0.0986,0.716,149.5801,0.674,1124.7322,19.74991,12.28336,7.46655,7.15815,12.21506,0.58601
519291,519291_Left Femur,PWB20,2wk,Left Femur,429.2,36.7,12.6469,0.7559,0.0598,11.2873,2.4446,0.9349,0.0857,1.0857,129.175,0.6681,1101.1947,10.82857,6.71347,4.1151,5.74084,8.88147,0.64638
519292,519292_Left Femur,PWB20,2wk,Left Femur,428.2,37,14.5978,1.6994,0.1164,28.2578,2.2141,1.4521,0.0843,0.7211,172.3122,0.6051,1111.4867,14.70294,8.72722,5.97572,6.21335,10.68366,0.58157
519293,519293_Left Femur,PWB20,2wk,Left Femur,422.6,38.1,19.34,1.7733,0.0917,19.4674,2.2978,1.1702,0.0834,0.9065,146.4478,0.5614,1078.91,16.12873,10.05644,6.07228,6.05859,11.38888,0.53197
491047,491047_Left Femur,PWB40,2wk,Left Femur,385.1,37.6,16.5233,1.8132,0.1097,27.0526,2.2372,1.3943,0.0826,0.7458,164.7945,0.622,1129.1176,13.07101,8.29275,4.77826,5.85329,9.91843,0.59014
491051,491051_Left Femur,PWB40,2wk,Left Femur,342.7,36.5,15.0339,2.1804,0.145,36.085,2.1965,2.0153,0.0865,0.5113,199.7876,0.6553,1129.6545,17.0755,10.57588,6.49962,6.66858,11.34361,0.58787
491052,491052_Left Femur,PWB40,2wk,Left Femur,359.6,36.7,15.2003,2.6517,0.1745,44.2919,1.9188,1.9329,0.0901,0.5366,220.6402,0.6427,1130.9075,12.14694,7.7224,4.42454,5.87982,9.39831,0.62563
491054,491054_Left Femur,PWB40,2wk,Left Femur,395,37.7,15.4086,3.686,0.2392,39.1827,1.4681,1.7602,0.1194,0.6304,259.8396,0.7056,1127.5066,16.4205,10.2329,6.18759,6.85561,10.92969,0.62725
491055,491055_Left Femur,PWB40,2wk,Left Femur,402.8,37.5,15.9783,2.2767,0.1425,26.6142,1.9493,1.436,0.0975,0.7375,185.8261,0.6437,1111.2183,14.11103,9.03422,5.07681,6.29016,10.15141,0.61963
491059,491059_Left Femur,PWB40,2wk,Left Femur,380.1,39.6,17.0986,2.3209,0.1357,29.169,2.1634,1.7159,0.0873,0.6046,177.324,0.634,1102.4476,17.97539,10.18036,7.79502,6.60021,11.96018,0.55185
495103,495103_Left Femur,PWB40,2wk,Left Femur,354.3,37.7,13.4872,1.0017,0.0743,16.2005,2.7868,1.2495,0.0838,0.8308,137.1401,0.5912,1095.6459,12.21608,7.56101,4.65507,5.57151,9.68034,0.57555
495108,495108_Left Femur,PWB40,2wk,Left Femur,345.8,38.5,16.6316,2.1574,0.1297,29.9731,2.3068,1.822,0.087,0.559,181.2618,0.5987,1096.0039,15.5945,9.36295,6.23155,6.47751,10.99174,0.58931
495109,495109_Left Femur,PWB40,2wk,Left Femur,375.4,37,17.0817,2.2545,0.132,31.1151,2.1863,1.8619,0.0845,0.5676,174.1021,0.604,1092.6925,15.06479,9.30661,5.75818,6.17331,10.79893,0.57166
495111,495111_Left Femur,PWB40,2wk,Left Femur,342.1,38,16.063,1.7111,0.1065,24.4973,2.1308,1.09,0.0886,0.981,161.7516,0.5827,1073.0928,14.21475,8.68773,5.52702,5.89388,10.57277,0.55746
509770,509770_Left Femur,PWB40,2wk,Left Femur,409.8,37.6,15.4069,2.4807,0.161,29.0455,1.975,1.5482,0.1028,0.6785,205.2468,0.7004,1124.9113,17.60758,10.64471,6.96286,6.9235,11.4242,0.60604
511690,511690_Left Femur,PWB40,2wk,Left Femur,421,37,20.0821,4.3384,0.216,40.185,1.7829,2.182,0.1099,0.4733,246.2362,0.6134,1097.4358,22.11091,14.10999,8.00092,7.01461,13.30452,0.52724
491056,491056_Left Femur,PWB70,2wk,Left Femur,376.2,38,18.3573,4.749,0.2587,67.4664,1.4352,2.8998,0.0993,0.3549,264.8514,0.6847,1121.5999,18.30708,11.07371,7.23337,7.11008,11.66356,0.6096
491057,491057_Left Femur,PWB70,2wk,Left Femur,374.7,38.6,16.95,2.2002,0.1298,26.1653,2.1988,1.6173,0.0965,0.6449,171.2382,0.6205,1107.012,16.43335,10.85909,5.57426,6.51085,11.012,0.59125
491060,491060_Left Femur,PWB70,2wk,Left Femur,378.3,37,13.2799,1.9153,0.1442,35.5047,2.2389,2.091,0.0896,0.4831,199.5191,0.6605,1121.5104,13.08828,7.9027,5.18558,6.0554,9.81988,0.61665
491061,491061_Left Femur,PWB70,2wk,Left Femur,421,39.5,13.741,3.1107,0.2264,51.7792,1.6788,2.4138,0.0997,0.4286,257.6022,0.6928,1113.9927,13.23297,8.30644,4.92654,6.28618,9.72838,0.64617
495104,495104_Left Femur,PWB70,2wk,Left Femur,380.1,39.1,13.3098,1.7182,0.1291,25.0004,2.3355,1.8588,0.0882,0.5456,186.0051,0.691,1114.4402,15.68199,9.74744,5.93456,6.8899,10.64192,0.64743
495113,495113_Left Femur,PWB70,2wk,Left Femur,362.2,38.2,14.2132,1.3391,0.0942,23.3937,2.3404,1.4145,0.0819,0.7208,143.1364,0.6195,1113.0082,12.55599,7.67172,4.88427,5.81202,9.71337,0.59835
495114,495114_Left Femur,PWB70,2wk,Left Femur,381.1,37.9,14.2698,2.0025,0.1403,30.484,2.1292,1.53,0.0936,0.6791,196.4762,0.7143,1131.1759,15.36002,9.3015,6.05852,6.75398,10.55974,0.6396
509774,509774_Left Femur,PWB70,2wk,Left Femur,365.6,36.1,14.6685,1.7774,0.1212,30.9507,2.1741,1.5833,0.0884,0.6527,176.5185,0.6662,1132.5184,11.3489,7.49146,3.85744,5.89692,8.88452,0.66373
509775,509775_Left Femur,PWB70,2wk,Left Femur,386.7,38.3,14.8829,1.0979,0.0738,14.9669,2.5503,1.2424,0.0795,0.8397,140.4515,0.6153,1117.304,14.67763,9.1284,5.54923,6.09379,10.5624,0.57693
509779,509779_Left Femur,PWB70,2wk,Left Femur,403.7,37.6,16.606,2.5428,0.1531,36.7336,2.1828,2.1664,0.0869,0.4665,186.9896,0.5603,1101.1052,13.78828,8.7589,5.02938,5.82774,10.35151,0.56298
511693,511693_Left Femur,PWB70,2wk,Left Femur,441.6,37,17.2486,2.5925,0.1503,32.3215,2.0771,1.7259,0.0909,0.6087,195.0443,0.5869,1099.7627,16.7503,10.54824,6.20206,6.27936,11.46716,0.54759
511695,511695_Left Femur,PWB70,2wk,Left Femur,462.7,36.9,23.2991,2.7738,0.119,29.5827,2.3633,1.7743,0.0853,0.5781,171.0592,0.6074,1079.447,22.67847,13.69385,8.98462,7.14384,13.63039,0.52411
491048,491048_Left Femur,PWB100,4wk,Left Femur,414.1,37.1,13.0038,1.7272,0.1328,26.7421,1.8046,1.2169,0.0966,0.8933,186.7211,0.6899,1120.9734,13.65943,8.91663,4.74279,6.26712,9.7847,0.6405
491062,491062_Left Femur,PWB100,4wk,Left Femur,462.3,38.5,16.134,2.7048,0.1676,32.7258,1.6198,1.3394,0.1015,0.8108,212.1381,0.7181,1115.9615,17.9027,11.5546,6.3481,7.0707,11.32517,0.62433
494307,494307_Left Femur,PWB100,4wk,Left Femur,513.8,37.7,17.2125,3.2337,0.1879,38.4894,1.9679,2.3018,0.0991,0.4425,212.4066,0.6021,1096.2723,20.61965,13.59587,7.02378,6.75829,12.73597,0.53065
494308,494308_Left Femur,PWB100,4wk,Left Femur,498.2,36.3,19.5557,3.4708,0.1775,39.0679,2.2299,2.4837,0.0961,0.3976,216.6129,0.6257,1094.0349,18.19462,11.40599,6.78863,6.98177,11.82889,0.59023
494312,494312_Left Femur,PWB100,4wk,Left Femur,510.1,37.6,24.8638,3.7117,0.1493,34.1963,2.2108,2.0556,0.0929,0.482,193.9703,0.5808,1097.7938,25.23539,16.9868,8.24859,7.14495,14.30626,0.49943
509773,509773_Left Femur,PWB100,4wk,Left Femur,450.5,37,18.0945,2.9885,0.1652,41.6563,1.9226,1.9193,0.0944,0.5382,209.9006,0.6617,1130.9969,17.20572,11.3264,5.87933,6.75729,11.17159,0.60486
509777,509777_Left Femur,PWB100,4wk,Left Femur,444.5,39.9,15.7248,2.2286,0.1417,26.6457,1.8593,1.424,0.0975,0.7501,192.1804,0.6614,1128.5806,13.16416,8.87954,4.28462,6.08347,9.60232,0.63354
509778,509778_Left Femur,PWB100,4wk,Left Femur,458.3,36.8,16.0981,4.1218,0.256,50.2544,1.272,2.6118,0.1101,0.4072,273.4431,0.7151,1132.9658,18.27391,11.88704,6.38687,7.1157,11.43915,0.62205
511686,511686_Left Femur,PWB100,4wk,Left Femur,541.2,39.3,20.5555,3.0233,0.1471,26.9027,1.6252,1.6683,0.1055,0.648,191.3749,0.6534,1122.9423,21.31413,13.68447,7.62966,7.26789,12.67683,0.57332
511698,511698_Left Femur,PWB100,4wk,Left Femur,570.2,35.7,20.5345,2.8614,0.1393,31.2401,2.0864,1.9617,0.0942,0.5117,187.1686,0.6136,1095.1089,20.33531,12.68957,7.64574,7.12976,12.59564,0.56605
511706,511706_Left Femur,PWB100,4wk,Left Femur,518.5,37.3,21.4858,5.1662,0.2404,44.0756,1.703,2.7417,0.1064,0.3531,261.8085,0.672,1105.8485,25.48369,15.51368,9.97,7.75581,14.24435,0.54448
515408,515408_Left Femur,PWB100,4wk,Left Femur,555.1,36.9,26.2555,6.923,0.2637,55.1313,1.3303,2.6939,0.1034,0.384,274.9645,0.5866,1097.8833,31.58288,20.49256,11.09032,7.68412,16.5103,0.46541
509763,509763_Left Femur,PWB20,4wk,Left Femur,410.5,37,15.0549,1.8017,0.1197,24.2446,2.4069,1.7829,0.0907,0.5511,181.2618,0.6883,1128.67,14.70496,9.87328,4.83168,6.36658,10.21346,0.62335
509764,509764_Left Femur,PWB20,4wk,Left Femur,415.2,36.7,15.4741,1.8635,0.1204,27.6107,2.4154,1.9916,0.0863,0.5069,175.3551,0.6827,1128.9385,14.98356,9.50185,5.48171,6.43432,10.44597,0.61596
509771,509771_Left Femur,PWB20,4wk,Left Femur,416.1,37.7,15.9274,1.4802,0.0929,21.2527,2.3198,1.2659,0.0832,0.8298,154.1444,0.6018,1105.043,13.93138,9.11657,4.8148,5.8632,10.2726,0.57076
511688,511688_Left Femur,PWB20,4wk,Left Femur,487.6,39.3,22.5154,1.7734,0.0788,11.5254,2.6524,1.4133,0.0923,0.7059,134.0973,0.576,1077.7466,19.67687,12.81949,6.85738,6.41612,12.64039,0.50759
511700,511700_Left Femur,PWB20,4wk,Left Femur,526.4,36.7,22.5056,2.1971,0.0976,19.3063,2.3645,1.3908,0.0888,0.7569,145.1053,0.629,1084.7273,24.89081,15.53264,9.35817,7.41655,14.15639,0.5239
511704,511704_Left Femur,PWB20,4wk,Left Femur,491.1,37.9,19.6055,2.7312,0.1393,27.4412,2.2149,1.8656,0.0948,0.5364,184.3047,0.6347,1102.8951,21.05117,13.42393,7.62724,7.27454,12.65003,0.57506
511705,511705_Left Femur,PWB20,4wk,Left Femur,467.4,36.9,19.0991,2.8194,0.1476,30.0538,2.5379,2.4412,0.0977,0.408,198.0871,0.6311,1108.9808,24.47682,14.94777,9.52905,7.72894,13.82894,0.5589
515406,515406_Left Femur,PWB20,4wk,Left Femur,483.4,37.4,22.4811,1.859,0.0827,16.8252,2.3301,1.2647,0.0901,0.8424,140.8095,0.5842,1091.8871,21.89885,14.28062,7.61823,6.82306,13.33204,0.51178
515407,515407_Left Femur,PWB20,4wk,Left Femur,447.9,37.6,22.8368,2.6484,0.116,23.5366,2.246,1.3574,0.0926,0.756,163.631,0.64,1088.6652,23.71263,15.46034,8.25229,7.61292,13.48105,0.56471
491049,491049_Left Femur,PWB40,4wk,Left Femur,396.4,37.3,16.8552,2.8395,0.1685,40.9665,1.7572,1.8083,0.0918,0.588,209.5427,0.6593,1102.0001,13.31937,7.93952,5.37986,6.06041,10.02522,0.60452
491050,491050_Left Femur,PWB40,4wk,Left Femur,408.4,36.9,15.8425,2.9567,0.1866,44.5004,1.8032,2.0833,0.0942,0.5022,220.7297,0.7051,1140.6626,14.78909,8.94028,5.84881,6.53324,10.36867,0.63009
491058,491058_Left Femur,PWB40,4wk,Left Femur,418.7,37.3,15.8894,1.7969,0.1131,25.5517,2.2788,1.5574,0.0873,0.6712,154.7709,0.6845,1137.3512,16.60453,9.96809,6.63644,6.81016,11.10189,0.61342
494310,494310_Left Femur,PWB40,4wk,Left Femur,497.4,36.4,22.4141,2.9502,0.1316,32.301,2.4862,2.1508,0.0856,0.4614,153.16,0.6662,1095.288,27.84874,17.59519,10.25355,8.05475,14.86733,0.54178
509767,509767_Left Femur,PWB40,4wk,Left Femur,408.6,36.8,17.1444,2.3175,0.1352,28.3183,2.2449,1.8836,0.0875,0.5376,188.2425,0.6831,1117.9305,17.24253,10.47975,6.76278,6.83883,11.34872,0.60261
509768,509768_Left Femur,PWB40,4wk,Left Femur,400.5,36.3,17.4282,2.3497,0.1348,28.6748,1.945,1.1945,0.0935,0.868,185.8261,0.678,1119.8994,14.27231,8.9849,5.28742,6.37977,10.25505,0.62211
509776,509776_Left Femur,PWB40,4wk,Left Femur,398.1,37.3,18.1649,4.211,0.2318,58.2305,1.6383,2.8286,0.0962,0.3496,253.5749,0.6644,1131.5339,14.15159,9.062,5.0896,6.28193,10.16392,0.61806
511685,511685_Left Femur,PWB40,4wk,Left Femur,471.3,38.3,19.823,2.7377,0.1381,23.1297,2.4501,1.7303,0.1077,0.586,185.9156,0.576,1077.7466,22.24643,14.27515,7.97128,7.16828,13.16692,0.54442
511697,511697_Left Femur,PWB40,4wk,Left Femur,444.5,37,21.7642,1.8891,0.0868,21.2505,2.4943,1.2039,0.0824,0.897,148.5062,0.5619,1088.5757,19.56227,12.63087,6.9314,6.45976,12.58883,0.51313
511699,511699_Left Femur,PWB40,4wk,Left Femur,468.2,36.7,18.7826,3.3155,0.1765,35.2454,1.9917,2.0062,0.0992,0.5127,214.9124,0.6378,1096.0934,18.30541,12.09512,6.21029,6.88657,11.69465,0.58887
511703,511703_Left Femur,PWB40,4wk,Left Femur,444.4,36.5,16.4875,3.237,0.1963,36.3913,1.7739,2.2486,0.1022,0.4515,232.4537,0.6553,1105.58,24.89196,16.00472,8.88723,7.62118,13.90998,0.54789
511708,511708_Left Femur,PWB40,4wk,Left Femur,487.2,37.3,20.3835,2.1101,0.1035,19.5869,2.4604,1.5738,0.0923,0.6367,160.0512,0.6198,1089.7391,20.88027,13.07113,7.80914,7.00037,12.83524,0.5454
494305,494305_Left Femur,PWB70,4wk,Left Femur,486.2,36.5,22.3681,1.8543,0.0829,16.1614,2.2225,1.0569,0.0884,1.0371,122.8207,0.6144,1096.8988,22.47163,13.62925,8.84237,7.02758,13.65672,0.51459
494306,494306_Left Femur,PWB70,4wk,Left Femur,491,36.2,20.5835,2.491,0.121,28.8216,2.519,2.2395,0.0819,0.4423,170.0748,0.6254,1124.5532,26.69634,16.1055,10.59084,8.08428,14.47084,0.55866
494309,494309_Left Femur,PWB70,4wk,Left Femur,448.2,35.9,18.0395,2.1758,0.1206,29.9205,2.3108,1.408,0.0942,0.7581,157.3663,0.5706,1096.0039,19.47053,11.37884,8.09169,6.62236,12.72315,0.5205
494311,494311_Left Femur,PWB70,4wk,Left Femur,507.6,36.7,21.31,2.2793,0.107,22.1023,2.1225,1.2255,0.0921,0.868,158.3508,0.6198,1092.603,22.9747,14.01662,8.95809,7.19856,13.58891,0.52974
509765,509765_Left Femur,PWB70,4wk,Left Femur,402.5,38.8,14.9153,1.0137,0.068,10.3585,2.5671,1.238,0.0881,0.828,139.109,0.6564,1122.9423,13.57158,8.86158,4.71,6.08788,9.88753,0.61571
509766,509766_Left Femur,PWB70,4wk,Left Femur,398.1,37.5,17.0933,3.7448,0.2191,48.6301,1.9488,3.0134,0.0959,0.3198,253.3959,0.6538,1109.6073,16.86484,10.35671,6.50813,6.48629,11.34753,0.5716
509769,509769_Left Femur,PWB70,4wk,Left Femur,401.7,36.4,13.5766,1.9215,0.1415,31.2303,2.0807,1.5194,0.0915,0.6779,198.4451,0.7071,1130.1019,10.55849,6.59396,3.96453,5.91952,8.55787,0.69171
511689,511689_Left Femur,PWB70,4wk,Left Femur,481.7,38.2,19.9007,2.6833,0.1348,26.4313,2.0185,1.5669,0.1001,0.667,181.7093,0.676,1110.9497,23.09791,14.84463,8.25327,7.57022,13.16753,0.57492
511696,511696_Left Femur,PWB70,4wk,Left Femur,467.8,37.7,23.5846,4.5631,0.1935,49.4073,2.1403,2.9029,0.0933,0.3334,229.5898,0.604,1097.6149,24.01531,15.02961,8.9857,7.12929,13.99134,0.50955
511702,511702_Left Femur,PWB70,4wk,Left Femur,466.1,37,22.5752,2.5748,0.1141,20.0441,2.3923,1.5015,0.0993,0.6882,169.5378,0.6219,1102.9846,27.49066,17.02892,10.46174,7.92194,14.87105,0.53271
511707,511707_Left Femur,PWB70,4wk,Left Femur,474.7,37.7,20.7085,2.3787,0.1149,24.8449,2.2052,1.4819,0.092,0.6987,168.0164,0.6398,1081.3265,23.48597,14.7056,8.78037,7.27209,13.66038,0.53235
511709,511709_Left Femur,PWB70,4wk,Left Femur,474.5,epiphysis broken,21.6531,4.2289,0.1953,39.3708,1.8625,2.2919,0.1005,0.4455,226.01,0.6464,1111.6658,20.87364,13.46737,7.40627,7.31221,12.46158,0.58678